{
  "-2239635": {
    "id": -2239635,
    "parent_id": -416271,
    "name": "Veurne",
    "al": 7,
    "full_area": 286.849529457044,
    "land_area": 279.178588485724,
    "coastline_length": 16.6497782371172,
    "city_cnt": 3,
    "city_pop": 0,
    "hamlet_cnt": 38,
    "hamlet_pop": 33359
  },
  "-2198998": {
    "id": -2198998,
    "parent_id": -157559,
    "name": "Tournai",
    "al": 7,
    "full_area": 612.935010654679,
    "land_area": 612.935010654679,
    "coastline_length": 0.0,
    "city_cnt": 4,
    "city_pop": 93361,
    "hamlet_cnt": 156,
    "hamlet_pop": 34721
  },
  "-1412583": {
    "id": -1412583,
    "parent_id": -1412581,
    "name": "Bastogne",
    "al": 7,
    "full_area": 1047.2635154513,
    "land_area": 1047.2635154513,
    "coastline_length": 0.0,
    "city_cnt": 1,
    "city_pop": 15127,
    "hamlet_cnt": 245,
    "hamlet_pop": 25807
  },
  "-2523965": {
    "id": -2523965,
    "parent_id": -53135,
    "name": "Eeklo",
    "al": 7,
    "full_area": 335.687975243,
    "land_area": 335.687975243,
    "coastline_length": 0.0,
    "city_cnt": 4,
    "city_pop": 68984,
    "hamlet_cnt": 19,
    "hamlet_pop": 17764
  },
  "-2523964": {
    "id": -2523964,
    "parent_id": -53135,
    "name": "Aalst",
    "al": 7,
    "full_area": 473.115939547161,
    "land_area": 473.115939547161,
    "coastline_length": 0.0,
    "city_cnt": 9,
    "city_pop": 173104,
    "hamlet_cnt": 84,
    "hamlet_pop": 5075
  },
  "-2524074": {
    "id": -2524074,
    "parent_id": -53135,
    "name": "Sint-Niklaas",
    "al": 7,
    "full_area": 480.109140859795,
    "land_area": 480.109140859795,
    "coastline_length": 0.0,
    "city_cnt": 7,
    "city_pop": 84381,
    "hamlet_cnt": 36,
    "hamlet_pop": 51373
  },
  "-2336710": {
    "id": -2336710,
    "parent_id": -157559,
    "name": "Charleroi",
    "al": 7,
    "full_area": 559.370945870059,
    "land_area": 559.370945870059,
    "coastline_length": 0.0,
    "city_cnt": 18,
    "city_pop": 385750,
    "hamlet_cnt": 77,
    "hamlet_pop": 600
  },
  "-2239751": {
    "id": -2239751,
    "parent_id": -416271,
    "name": "Tielt",
    "al": 7,
    "full_area": 332.19598637727,
    "land_area": 332.19598637727,
    "coastline_length": 0.0,
    "city_cnt": 2,
    "city_pop": 8223,
    "hamlet_cnt": 28,
    "hamlet_pop": 79609
  },
  "-90348": {
    "id": -90348,
    "parent_id": -52411,
    "name": "Wallonia",
    "al": 4,
    "full_area": 16902.810960442,
    "land_area": 16902.810960442,
    "coastline_length": 0.0,
    "city_cnt": 126,
    "city_pop": 2588698,
    "hamlet_cnt": 3267,
    "hamlet_pop": 811850
  },
  "-54094": {
    "id": -54094,
    "parent_id": -52411,
    "name": "Brussels-Capital",
    "al": 4,
    "full_area": 162.439435067158,
    "land_area": 162.439435067158,
    "coastline_length": 0.0,
    "city_cnt": 19,
    "city_pop": 1134387,
    "hamlet_cnt": 10,
    "hamlet_pop": 4269
  },
  "-53134": {
    "id": -53134,
    "parent_id": -52411,
    "name": "Flanders",
    "al": 4,
    "full_area": 13622.0048557984,
    "land_area": 13601.5485996358,
    "coastline_length": 72.7986027893376,
    "city_cnt": 239,
    "city_pop": 3695681,
    "hamlet_cnt": 1766,
    "hamlet_pop": 1170288
  },
  "-1412581": {
    "id": -1412581,
    "parent_id": -90348,
    "name": "Luxembourg",
    "al": 6,
    "full_area": 4459.07247637639,
    "land_area": 4459.07247637639,
    "coastline_length": 0.0,
    "city_cnt": 8,
    "city_pop": 106921,
    "hamlet_cnt": 787,
    "hamlet_pop": 165592
  },
  "-2239171": {
    "id": -2239171,
    "parent_id": -416271,
    "name": "Ieper",
    "al": 7,
    "full_area": 553.943171660803,
    "land_area": 553.943171660803,
    "coastline_length": 0.0,
    "city_cnt": 6,
    "city_pop": 38328,
    "hamlet_cnt": 57,
    "hamlet_pop": 54493
  },
  "-2372933": {
    "id": -2372933,
    "parent_id": -157559,
    "name": "Ath",
    "al": 7,
    "full_area": 491.027785499835,
    "land_area": 491.027785499835,
    "coastline_length": 0.0,
    "city_cnt": 3,
    "city_pop": 39523,
    "hamlet_cnt": 77,
    "hamlet_pop": 17949
  },
  "-1407190": {
    "id": -1407190,
    "parent_id": -1407192,
    "name": "Waremme",
    "al": 7,
    "full_area": 390.288716910475,
    "land_area": 390.288716910475,
    "coastline_length": 0.0,
    "city_cnt": 2,
    "city_pop": 30376,
    "hamlet_cnt": 93,
    "hamlet_pop": 47027
  },
  "-2198768": {
    "id": -2198768,
    "parent_id": -157559,
    "name": "Thuin",
    "al": 7,
    "full_area": 940.152801637652,
    "land_area": 940.152801637652,
    "coastline_length": 0.0,
    "city_cnt": 7,
    "city_pop": 91500,
    "hamlet_cnt": 126,
    "hamlet_pop": 43369
  },
  "-2372935": {
    "id": -2372935,
    "parent_id": -157559,
    "name": "Soignies",
    "al": 7,
    "full_area": 519.781262532649,
    "land_area": 519.781262532649,
    "coastline_length": 0.0,
    "city_cnt": 6,
    "city_pop": 168845,
    "hamlet_cnt": 101,
    "hamlet_pop": 22600
  },
  "-2524068": {
    "id": -2524068,
    "parent_id": -53135,
    "name": "Oudenaarde",
    "al": 7,
    "full_area": 422.870862589526,
    "land_area": 422.870862589526,
    "coastline_length": 0.0,
    "city_cnt": 4,
    "city_pop": 26000,
    "hamlet_cnt": 85,
    "hamlet_pop": 9553
  },
  "-2239546": {
    "id": -2239546,
    "parent_id": -416271,
    "name": "Brugge",
    "al": 7,
    "full_area": 671.418473142184,
    "land_area": 666.932741754498,
    "coastline_length": 24.8064027453218,
    "city_cnt": 7,
    "city_pop": 186874,
    "hamlet_cnt": 54,
    "hamlet_pop": 72988
  },
  "-2239750": {
    "id": -2239750,
    "parent_id": -416271,
    "name": "Kortrijk",
    "al": 7,
    "full_area": 406.107363496837,
    "land_area": 406.107363496837,
    "coastline_length": 0.0,
    "city_cnt": 5,
    "city_pop": 113410,
    "hamlet_cnt": 50,
    "hamlet_pop": 138056
  },
  "-2336444": {
    "id": -2336444,
    "parent_id": -1412581,
    "name": "Virton",
    "al": 7,
    "full_area": 776.324020820717,
    "land_area": 776.324020820717,
    "coastline_length": 0.0,
    "city_cnt": 1,
    "city_pop": 11670,
    "hamlet_cnt": 113,
    "hamlet_pop": 48090
  },
  "-78748": {
    "id": -78748,
    "parent_id": -90348,
    "name": "Walloon Brabant",
    "al": 6,
    "full_area": 1097.04079761941,
    "land_area": 1097.04079761941,
    "coastline_length": 0.0,
    "city_cnt": 16,
    "city_pop": 295814,
    "hamlet_cnt": 291,
    "hamlet_pop": 97969
  },
  "-2524255": {
    "id": -2524255,
    "parent_id": -58004,
    "name": "Halle-Vilvoorde",
    "al": 7,
    "full_area": 949.245645853493,
    "land_area": 949.245645853493,
    "coastline_length": 0.0,
    "city_cnt": 26,
    "city_pop": 232099,
    "hamlet_cnt": 166,
    "hamlet_pop": 11335
  },
  "-157559": {
    "id": -157559,
    "parent_id": -90348,
    "name": "Hainaut",
    "al": 6,
    "full_area": 3813.88686183605,
    "land_area": 3813.88686183605,
    "coastline_length": 0.0,
    "city_cnt": 48,
    "city_pop": 1066640,
    "hamlet_cnt": 675,
    "hamlet_pop": 149291
  },
  "-1407191": {
    "id": -1407191,
    "parent_id": -1407192,
    "name": "Liège",
    "al": 7,
    "full_area": 796.086427981868,
    "land_area": 796.086427981868,
    "coastline_length": 0.0,
    "city_cnt": 20,
    "city_pop": 571024,
    "hamlet_cnt": 247,
    "hamlet_pop": 75804
  },
  "-2524008": {
    "id": -2524008,
    "parent_id": -53135,
    "name": "Gent",
    "al": 7,
    "full_area": 949.330023709932,
    "land_area": 949.330023709932,
    "coastline_length": 0.0,
    "city_cnt": 16,
    "city_pop": 316375,
    "hamlet_cnt": 93,
    "hamlet_pop": 90424
  },
  "-2524256": {
    "id": -2524256,
    "parent_id": -58004,
    "name": "Leuven",
    "al": 7,
    "full_area": 1169.32039675937,
    "land_area": 1169.32039675937,
    "coastline_length": 0.0,
    "city_cnt": 21,
    "city_pop": 264467,
    "hamlet_cnt": 201,
    "hamlet_pop": 15100
  },
  "-2239583": {
    "id": -2239583,
    "parent_id": -416271,
    "name": "Diksmuide",
    "al": 7,