{
  "-1685673": {
    "id": -1685673,
    "parent_id": -51701,
    "al": 4,
    "name": "Glarus",
    "full_area": 685.339798152116,
    "land_area": 685.339798152116,
    "city_cnt": 1,
    "city_pop": 5500,
    "hamlet_cnt": 152,
    "hamlet_pop": 34260
  },
  "-1685677": {
    "id": -1685677,
    "parent_id": -51701,
    "al": 4,
    "name": "Luzern",
    "full_area": 1493.50062782009,
    "land_area": 1493.50062782009,
    "city_cnt": 6,
    "city_pop": 170396,
    "hamlet_cnt": 546,
    "hamlet_pop": 196100
  },
  "-1688583": {
    "id": -1688583,
    "parent_id": -51701,
    "al": 4,
    "name": "Schwyz",
    "full_area": 907.826069909393,
    "land_area": 907.826069909393,
    "city_cnt": 5,
    "city_pop": 50825,
    "hamlet_cnt": 189,
    "hamlet_pop": 105990
  },
  "-1684745": {
    "id": -1684745,
    "parent_id": -1686344,
    "al": 5,
    "name": "Verwaltungsregion Bern-Mittelland",
    "full_area": 943.425299461276,
    "land_area": 943.425299461276,
    "city_cnt": 9,
    "city_pop": 254366,
    "hamlet_cnt": 411,
    "hamlet_pop": 130671
  },
  "-1688767": {
    "id": -1688767,
    "parent_id": -1686631,
    "al": 6,
    "name": "Moësa",
    "full_area": 495.9757400802,
    "land_area": 495.9757400802,
    "city_cnt": 0,
    "city_pop": 0,
    "hamlet_cnt": 143,
    "hamlet_pop": 8746
  },
  "-1686359": {
    "id": -1686359,
    "parent_id": -51701,
    "al": 4,
    "name": "Aargau",
    "full_area": 1403.58875253418,
    "land_area": 1403.58875253418,
    "city_cnt": 15,
    "city_pop": 184932,
    "hamlet_cnt": 539,
    "hamlet_pop": 457179
  },
  "-1702420": {
    "id": -1702420,
    "parent_id": -51701,
    "al": 4,
    "name": "Neuchâtel",
    "full_area": 802.912464757872,
    "land_area": 802.912464757872,
    "city_cnt": 3,
    "city_pop": 83197,
    "hamlet_cnt": 215,
    "hamlet_pop": 89254
  },
  "-1701322": {
    "id": -1701322,
    "parent_id": -1701133,
    "al": 5,
    "name": "Amtei Bucheggberg-Wasseramt",
    "full_area": 139.344074918143,
    "land_area": 139.344074918143,
    "city_cnt": 0,
    "city_pop": 0,
    "hamlet_cnt": 50,
    "hamlet_pop": 55721
  },
  "-1686447": {
    "id": -1686447,
    "parent_id": -51701,
    "al": 4,
    "name": "Zug",
    "full_area": 238.723760849667,
    "land_area": 238.723760849667,
    "city_cnt": 5,
    "city_pop": 65057,
    "hamlet_cnt": 95,
    "hamlet_pop": 38753
  },
  "-2018283": {
    "id": -2018283,
    "parent_id": -1686631,
    "al": 6,
    "name": "Prättigau/Davos",
    "full_area": 853.397183987406,
    "land_area": 853.397183987406,
    "city_cnt": 1,
    "city_pop": 11211,
    "hamlet_cnt": 115,
    "hamlet_pop": 11252
  },
  "-1684606": {
    "id": -1684606,
    "parent_id": -1686344,
    "al": 5,
    "name": "Verwaltungsregion Oberland",
    "full_area": 2977.17072912892,
    "land_area": 2977.17072912892,
    "city_cnt": 4,
    "city_pop": 77777,
    "hamlet_cnt": 656,
    "hamlet_pop": 137358
  },
  "-1701325": {
    "id": -1701325,
    "parent_id": -1701133,
    "al": 5,
    "name": "Amtei Solothurn-Lebern",
    "full_area": 123.4493533517,
    "land_area": 123.4493533517,
    "city_cnt": 2,
    "city_pop": 33000,
    "hamlet_cnt": 40,
    "hamlet_pop": 27005
  },
  "-1686366": {
    "id": -1686366,
    "parent_id": -51701,
    "al": 4,
    "name": "Basel-Landschaft",
    "full_area": 517.598997046702,
    "land_area": 517.598997046702,
    "city_cnt": 11,
    "city_pop": 153781,
    "hamlet_cnt": 102,
    "hamlet_pop": 118667
  },
  "-1699639": {
    "id": -1699639,
    "parent_id": -51701,
    "al": 4,
    "name": "Basel-City",
    "full_area": 36.9452420340714,
    "land_area": 36.9452420340714,
    "city_cnt": 2,
    "city_pop": 195461,
    "hamlet_cnt": 5,
    "hamlet_pop": 1211
  },
  "-1698314": {
    "id": -1698314,
    "parent_id": -51701,
    "al": 4,
    "name": "Fribourg",
    "full_area": 1670.70974127213,
    "land_area": 1670.70974127213,
    "city_cnt": 4,
    "city_pop": 79755,
    "hamlet_cnt": 501,
    "hamlet_pop": 194157
  },
  "-1701323": {
    "id": -1701323,
    "parent_id": -1701133,
    "al": 5,
    "name": "Amtei Dorneck-Thierstein",
    "full_area": 176.937582206628,
    "land_area": 176.937582206628,
    "city_cnt": 0,
    "city_pop": 0,
    "hamlet_cnt": 44,
    "hamlet_pop": 31661
  },
  "-2013172": {
    "id": -2013172,
    "parent_id": -1686631,
    "al": 6,
    "name": "Bernina",
    "full_area": 237.300442401566,
    "land_area": 237.300442401566,
    "city_cnt": 0,
    "city_pop": 0,
    "hamlet_cnt": 73,
    "hamlet_pop": 1115
  },
  "-1686666": {
    "id": -1686666,
    "parent_id": -51701,
    "al": 4,
    "name": "Appenzell Innerrhoden",
    "full_area": 172.459766626658,
    "land_area": 172.459766626658,
    "city_cnt": 1,
    "city_pop": 5751,
    "hamlet_cnt": 31,
    "hamlet_pop": 9377
  },
  "-2018282": {
    "id": -2018282,
    "parent_id": -1686631,
    "al": 6,
    "name": "Plessur",
    "full_area": 285.295893098653,
    "land_area": 285.295893098653,
    "city_cnt": 1,
    "city_pop": 34350,
    "hamlet_cnt": 69,
    "hamlet_pop": 7906
  },
  "-1690227": {
    "id": -1690227,
    "parent_id": -51701,
    "al": 4,
    "name": "Zurich",
    "full_area": 1728.81543836938,
    "land_area": 1728.81543836938,
    "city_cnt": 29,
    "city_pop": 960480,
    "hamlet_cnt": 1540,
    "hamlet_pop": 505054
  },
  "-2018280": {
    "id": -2018280,
    "parent_id": -1686631,
    "al": 6,
    "name": "Landquart",
    "full_area": 174.668243575365,
    "land_area": 174.668243575365,
    "city_cnt": 0,
    "city_pop": 0,
    "hamlet_cnt": 35,
    "hamlet_pop": 28425
  },
  "-1687006": {
    "id": -1687006,
    "parent_id": -51701,
    "al": 4,
    "name": "Sankt Gallen",
    "full_area": 2025.58340188899,
    "land_area": 2025.58340188899,
    "city_cnt": 11,
    "city_pop": 200916,
    "hamlet_cnt": 913,
    "hamlet_pop": 264298
  },
  "-1686448": {
    "id": -1686448,
    "parent_id": -51701,
    "al": 4,
    "name": "Obwalden",
    "full_area": 490.580505792777,
    "land_area": 490.580505792777,
    "city_cnt": 1,
    "city_pop": 10192,
    "hamlet_cnt": 76,
    "hamlet_pop": 26276
  },
  "-1684782": {
    "id": -1684782,
    "parent_id": -1686344,
    "al": 5,
    "name": "Arrondissement administratif du Jura bernois",
    "full_area": 541.701309108331,
    "land_area": 541.701309108331,
    "city_cnt": 1,
    "city_pop": 7553,
    "hamlet_cnt": 207,
    "hamlet_pop": 45565
  },
  "-1696112": {
    "id": -1696112,
    "parent_id": -51701,
    "al": 4,
    "name": "Schaffhausen",
    "full_area": 298.392865355895,
    "land_area": 298.392865355895,
    "city_cnt": 2,
    "city_pop": 46147,
    "hamlet_cnt": 99,
    "hamlet_pop": 33833
  },
  "-2018099": {
    "id": -2018099,
    "parent_id": -1686631,
    "al": 6,
    "name": "Region Engiadina Bassa/Val Müstair",
    "full_area": 1196.48319461926,
    "land_area": 1196.48319461926,
    "city_cnt": 0,
    "city_pop": 0,
    "hamlet_cnt": 99,
    "hamlet_pop": 11971
  },
  "-1686649": {
    "id": -1686649,
    "parent_id": -51701,
    "al": 4,
    "name": "Appenzell Ausserrhoden",
    "full_area": 242.834377829737,
    "land_area": 242.834377829737,
    "city_cnt": 1,
    "city_pop": 15342,
    "hamlet_cnt": 90,
    "hamlet_pop": 37580
  },
  "-2013131": {
    "id": -2013131,
    "parent_id": -1686631,
    "al": 6,
    "name": "Albula",
    "full_area": 683.514717675345,
    "land_area": 683.514717675345,
    "city_cnt": 0,
    "city_pop": 0,
    "hamlet_cnt": 104,
    "hamlet_pop": 7438
  },
  "-1684602": {
    "id": -1684602,
    "parent_id": -1686344,
    "al": 5,
    "name": "Verwaltungsregion Emmental-Oberaargau",
    "full_area": 1021.17751721588,
    "land_area": 1021.17751721588,
    "city_cnt": 2,
    "city_pop": 30228,
    "hamlet_cnt": 891,
    "hamlet_pop": 141282
  },
  "-2018284": {
    "id": -2018284,
    "parent_id": -1686631,
    "al": 6,
    "name": "Surselva",
    "full_area": 1373.4920480383,
    "land_area": 1373.4920480383,
    "city_cnt": 0,